{
  "nll": 2.4954705238342285,
  "crps": 1.654632846214844,
  "cov90": 93.43200740055504,
  "width90": 10.84112548828125,
  "cov50": 56.2904717853839,
  "width50": 4.44551944732666,
  "pit_mean": 0.5383976906998172,
  "pit_std": 0.26616923539799564
}