{
  "nll": 2.447033643722534,
  "crps": 1.577407756388083,
  "cov90": 94.23607805806759,
  "width90": 10.473526954650879,
  "cov50": 55.07853403141362,
  "width50": 4.29478120803833,
  "pit_mean": 0.4813468589437943,
  "pit_std": 0.26708012238062667
}