{
  "nll": 2.4750146865844727,
  "crps": 1.6140828493051822,
  "cov90": 94.22680412371133,
  "width90": 10.75202751159668,
  "cov50": 56.134020618556704,
  "width50": 4.40898323059082,
  "pit_mean": 0.5312141598933521,
  "pit_std": 0.26611608143279497
}