{
  "nll": 2.4637482166290283,
  "crps": 1.5838424555618582,
  "cov90": 93.41544291804831,
  "width90": 10.517536163330078,
  "cov50": 56.51350071056371,
  "width50": 4.3128275871276855,
  "pit_mean": 0.5374377470730664,
  "pit_std": 0.2645524633689056
}