{
  "nll": 2.439600944519043,
  "crps": 1.560904553925836,
  "cov90": 94.07579757483556,
  "width90": 10.34256649017334,
  "cov50": 55.15235581010336,
  "width50": 4.241079330444336,
  "pit_mean": 0.4936525092306484,
  "pit_std": 0.26770925680183694
}