{
  "nll": 2.4812352657318115,
  "crps": 1.6429038323307321,
  "cov90": 92.91845493562232,
  "width90": 10.575226783752441,
  "cov50": 55.901287553648075,
  "width50": 4.336484432220459,
  "pit_mean": 0.5487502315338376,
  "pit_std": 0.2666170757274823
}